entityId,canonicalName,category,currentImage,proposedUrl,author,license,licenseUrl,attribution,reviewDate,status,observations,resourceSha256,identityVerified,identityEvidenceUrl,licenseVerified,attributionVerified,rightsEvidenceUrl
world-cup:player:datahub:P-64077,Kylian Mbappé,world-cup-goals,monogram,,,,,,,needs_source,Pendiente de enlace y revisión manual del propietario.,,no,,no,no,
world-cup:player:datahub:P-27787,Miroslav Klose,world-cup-goals,monogram,,,,,,,needs_source,Pendiente de enlace y revisión manual del propietario.,,no,,no,no,
world-cup:player:datahub:P-14758,Lionel Messi,world-cup-goals,monogram,,,,,,,needs_source,Pendiente de enlace y revisión manual del propietario.,,no,,no,no,
world-cup:unresolved:e24dd2210803b4737a9bd9e3,RONALDO,world-cup-goals,monogram,,,,,,,needs_source,Pendiente de enlace y revisión manual del propietario.,,no,,no,no,
world-cup:unresolved:c65f86b5308739e10a612bca,Gerd MUELLER,world-cup-goals,monogram,,,,,,,needs_source,Pendiente de enlace y revisión manual del propietario.,,no,,no,no,
world-cup:player:datahub:P-77939,Just Fontaine,world-cup-goals,monogram,,,,,,,needs_source,Pendiente de enlace y revisión manual del propietario.,,no,,no,no,
world-cup:player:datahub:P-58924,Harry Kane,world-cup-goals,monogram,,,,,,,needs_source,Pendiente de enlace y revisión manual del propietario.,,no,,no,no,
world-cup:unresolved:8e484aece8ea37afd67cd15d,PELE,world-cup-goals,monogram,,,,,,,needs_source,Pendiente de enlace y revisión manual del propietario.,,no,,no,no,
world-cup:player:datahub:P-07028,Sándor Kocsis,world-cup-goals,monogram,,,,,,,needs_source,Pendiente de enlace y revisión manual del propietario.,,no,,no,no,
world-cup:unresolved:dc451611d2c1a8735317fd02,Juergen KLINSMANN,world-cup-goals,monogram,,,,,,,needs_source,Pendiente de enlace y revisión manual del propietario.,,no,,no,no,
world-cup:player:datahub:P-70442,Cristiano Ronaldo,world-cup-goals,monogram,,,,,,,needs_source,Pendiente de enlace y revisión manual del propietario.,,no,,no,no,
world-cup:player:datahub:P-08136,Helmut Rahn,world-cup-goals,monogram,,,,,,,needs_source,Pendiente de enlace y revisión manual del propietario.,,no,,no,no,
world-cup:player:datahub:P-21597,Grzegorz Lato,world-cup-goals,monogram,,,,,,,needs_source,Pendiente de enlace y revisión manual del propietario.,,no,,no,no,
world-cup:player:datahub:P-36651,Gary Lineker,world-cup-goals,monogram,,,,,,,needs_source,Pendiente de enlace y revisión manual del propietario.,,no,,no,no,
world-cup:player:datahub:P-84542,Gabriel Batistuta,world-cup-goals,monogram,,,,,,,needs_source,Pendiente de enlace y revisión manual del propietario.,,no,,no,no,
world-cup:player:datahub:P-96979,Teófilo Cubillas,world-cup-goals,monogram,,,,,,,needs_source,Pendiente de enlace y revisión manual del propietario.,,no,,no,no,
world-cup:unresolved:c19a3ce1b3de6abc4813daa2,MUELLER Thomas,world-cup-goals,monogram,,,,,,,needs_source,Pendiente de enlace y revisión manual del propietario.,,no,,no,no,
world-cup:player:datahub:P-34670,Christian Vieri,world-cup-goals,monogram,,,,,,,needs_source,Pendiente de enlace y revisión manual del propietario.,,no,,no,no,
world-cup:player:datahub:P-49097,David Villa,world-cup-goals,monogram,,,,,,,needs_source,Pendiente de enlace y revisión manual del propietario.,,no,,no,no,
world-cup:player:datahub:P-59574,Karl-Heinz Rummenigge,world-cup-goals,monogram,,,,,,,needs_source,Pendiente de enlace y revisión manual del propietario.,,no,,no,no,
world-cup:player:datahub:P-64138,Uwe Seeler,world-cup-goals,monogram,,,,,,,needs_source,Pendiente de enlace y revisión manual del propietario.,,no,,no,no,
world-cup:player:datahub:P-78756,Roberto Baggio,world-cup-goals,monogram,,,,,,,needs_source,Pendiente de enlace y revisión manual del propietario.,,no,,no,no,
world-cup:player:datahub:P-91717,Paolo Rossi,world-cup-goals,monogram,,,,,,,needs_source,Pendiente de enlace y revisión manual del propietario.,,no,,no,no,
world-cup:unresolved:b0b184c485cf2352a9aca11a,EUSEBIO,world-cup-goals,monogram,,,,,,,needs_source,Pendiente de enlace y revisión manual del propietario.,,no,,no,no,
world-cup:unresolved:cae3e9bf3ceb1d0e2762697f,VAVA,world-cup-goals,monogram,,,,,,,needs_source,Pendiente de enlace y revisión manual del propietario.,,no,,no,no,
world-cup:unresolved:dc65eeba26c1987a2309ca99,ADEMIR,world-cup-goals,monogram,,,,,,,needs_source,Pendiente de enlace y revisión manual del propietario.,,no,,no,no,
world-cup:unresolved:e056260633a15b1b133106af,JAIRZINHO,world-cup-goals,monogram,,,,,,,needs_source,Pendiente de enlace y revisión manual del propietario.,,no,,no,no,
world-cup:player:datahub:P-18523,Oscar Míguez,world-cup-goals,monogram,,,,,,,needs_source,Pendiente de enlace y revisión manual del propietario.,,no,,no,no,
world-cup:player:datahub:P-56486,Guillermo Stábile,world-cup-goals,monogram,,,,,,,needs_source,Pendiente de enlace y revisión manual del propietario.,,no,,no,no,
world-cup:player:datahub:P-80404,Diego Maradona,world-cup-goals,monogram,,,,,,,needs_source,Pendiente de enlace y revisión manual del propietario.,,no,,no,no,
world-cup:unresolved:232851c3072c529772dd3a5e,LEONIDAS,world-cup-goals,monogram,,,,,,,needs_source,Pendiente de enlace y revisión manual del propietario.,,no,,no,no,
world-cup:unresolved:2dbcb4b880683b3cf3079213,Rudi VOELLER,world-cup-goals,monogram,,,,,,,needs_source,Pendiente de enlace y revisión manual del propietario.,,no,,no,no,
world-cup:unresolved:3ab7de1130a5b6afeabe4b99,NEYMAR,world-cup-goals,monogram,,,,,,,needs_source,Pendiente de enlace y revisión manual del propietario.,,no,,no,no,
world-cup:unresolved:594a8bf5972f878318cfe6b8,RIVALDO,world-cup-goals,monogram,,,,,,,needs_source,Pendiente de enlace y revisión manual del propietario.,,no,,no,no,
world-cup:player:datahub:P-15674,Jude Bellingham,world-cup-goals,monogram,,,,,,,needs_source,Pendiente de enlace y revisión manual del propietario.,,no,,no,no,
world-cup:player:datahub:P-72637,Romelu Lukaku,world-cup-goals,monogram,,,,,,,needs_source,Pendiente de enlace y revisión manual del propietario.,,no,,no,no,
world-cup:player:datahub:P-30486,Luis Suárez,world-cup-goals,monogram,,,,,,,needs_source,Pendiente de enlace y revisión manual del propietario.,,no,,no,no,
world-cup:player:datahub:P-60513,Oldřich Nejedlý,world-cup-goals,monogram,,,,,,,needs_source,Pendiente de enlace y revisión manual del propietario.,,no,,no,no,
world-cup:player:datahub:P-82971,Lajos Tichy,world-cup-goals,monogram,,,,,,,needs_source,Pendiente de enlace y revisión manual del propietario.,,no,,no,no,
world-cup:player:datahub:P-89554,Johnny Rep,world-cup-goals,monogram,,,,,,,needs_source,Pendiente de enlace y revisión manual del propietario.,,no,,no,no,
world-cup:player:datahub:P-92867,Andrzej Szarmach,world-cup-goals,monogram,,,,,,,needs_source,Pendiente de enlace y revisión manual del propietario.,,no,,no,no,
world-cup:unresolved:53e3e9379b7329d373424e51,CARECA,world-cup-goals,monogram,,,,,,,needs_source,Pendiente de enlace y revisión manual del propietario.,,no,,no,no,
world-cup:unresolved:b406e314e37ea4ac9673efec,Hans SCHAEFER,world-cup-goals,monogram,,,,,,,needs_source,Pendiente de enlace y revisión manual del propietario.,,no,,no,no,
world-cup:player:datahub:P-93884,Ivan Perišić,world-cup-goals,monogram,,,,,,,needs_source,Pendiente de enlace y revisión manual del propietario.,,no,,no,no,
world-cup:unresolved:0ff48decae8fcb357ee46787,Erling HAALAND,world-cup-goals,monogram,,,,,,,needs_source,Pendiente de enlace y revisión manual del propietario.,,no,,no,no,
world-cup:player:datahub:P-03652,Zbigniew Boniek,world-cup-goals,monogram,,,,,,,needs_source,Pendiente de enlace y revisión manual del propietario.,,no,,no,no,
world-cup:player:datahub:P-05766,Max Morlock,world-cup-goals,monogram,,,,,,,needs_source,Pendiente de enlace y revisión manual del propietario.,,no,,no,no,
world-cup:player:datahub:P-12272,Helmut Haller,world-cup-goals,monogram,,,,,,,needs_source,Pendiente de enlace y revisión manual del propietario.,,no,,no,no,
world-cup:player:datahub:P-22409,Dennis Bergkamp,world-cup-goals,monogram,,,,,,,needs_source,Pendiente de enlace y revisión manual del propietario.,,no,,no,no,
world-cup:player:datahub:P-23705,Arjen Robben,world-cup-goals,monogram,,,,,,,needs_source,Pendiente de enlace y revisión manual del propietario.,,no,,no,no,
world-cup:player:datahub:P-35082,Mario Kempes,world-cup-goals,monogram,,,,,,,needs_source,Pendiente de enlace y revisión manual del propietario.,,no,,no,no,
world-cup:player:datahub:P-38556,Asamoah Gyan,world-cup-goals,monogram,,,,,,,needs_source,Pendiente de enlace y revisión manual del propietario.,,no,,no,no,
world-cup:player:datahub:P-51336,Wesley Sneijder,world-cup-goals,monogram,,,,,,,needs_source,Pendiente de enlace y revisión manual del propietario.,,no,,no,no,
world-cup:player:datahub:P-51395,Thierry Henry,world-cup-goals,monogram,,,,,,,needs_source,Pendiente de enlace y revisión manual del propietario.,,no,,no,no,
world-cup:player:datahub:P-58374,Davor Šuker,world-cup-goals,monogram,,,,,,,needs_source,Pendiente de enlace y revisión manual del propietario.,,no,,no,no,
world-cup:player:datahub:P-63266,Rob Rensenbrink,world-cup-goals,monogram,,,,,,,needs_source,Pendiente de enlace y revisión manual del propietario.,,no,,no,no,
world-cup:player:datahub:P-73354,Oleg Salenko,world-cup-goals,monogram,,,,,,,needs_source,Pendiente de enlace y revisión manual del propietario.,,no,,no,no,
world-cup:player:datahub:P-75912,Enner Valencia,world-cup-goals,monogram,,,,,,,needs_source,Pendiente de enlace y revisión manual del propietario.,,no,,no,no,
world-cup:player:datahub:P-76544,Salvatore Schillaci,world-cup-goals,monogram,,,,,,,needs_source,Pendiente de enlace y revisión manual del propietario.,,no,,no,no,
world-cup:player:datahub:P-81648,Hristo Stoichkov,world-cup-goals,monogram,,,,,,,needs_source,Pendiente de enlace y revisión manual del propietario.,,no,,no,no,
world-cup:player:datahub:P-85257,Erich Probst,world-cup-goals,monogram,,,,,,,needs_source,Pendiente de enlace y revisión manual del propietario.,,no,,no,no,
world-cup:player:datahub:P-86087,Diego Forlán,world-cup-goals,monogram,,,,,,,needs_source,Pendiente de enlace y revisión manual del propietario.,,no,,no,no,
world-cup:player:datahub:P-89034,György Sárosi,world-cup-goals,monogram,,,,,,,needs_source,Pendiente de enlace y revisión manual del propietario.,,no,,no,no,
world-cup:player:datahub:P-89392,James Rodríguez,world-cup-goals,monogram,,,,,,,needs_source,Pendiente de enlace y revisión manual del propietario.,,no,,no,no,
world-cup:player:datahub:P-99934,Robin van Persie,world-cup-goals,monogram,,,,,,,needs_source,Pendiente de enlace y revisión manual del propietario.,,no,,no,no,
world-cup:unresolved:45165be4be832f4e20627130,BEBETO,world-cup-goals,monogram,,,,,,,needs_source,Pendiente de enlace y revisión manual del propietario.,,no,,no,no,
world-cup:unresolved:51da3b95aec39f2590d8ab2a,RIVELLINO,world-cup-goals,monogram,,,,,,,needs_source,Pendiente de enlace y revisión manual del propietario.,,no,,no,no,
world-cup:unresolved:779d835f93bbb90f10a026dd,Sepp HUEGI,world-cup-goals,monogram,,,,,,,needs_source,Pendiente de enlace y revisión manual del propietario.,,no,,no,no,
world-cup:unresolved:95c5492cfd0a7c4d5cb7e641,Lothar MATTHAEUS,world-cup-goals,monogram,,,,,,,needs_source,Pendiente de enlace y revisión manual del propietario.,,no,,no,no,
world-cup:player:datahub:P-28911,Cody Gakpo,world-cup-goals,monogram,,,,,,,needs_source,Pendiente de enlace y revisión manual del propietario.,,no,,no,no,
world-cup:player:datahub:P-76842,Bukayo Saka,world-cup-goals,monogram,,,,,,,needs_source,Pendiente de enlace y revisión manual del propietario.,,no,,no,no,
world-cup:unresolved:45be8a5c12508ae6de2bdbd4,Ousmane DEMBELE,world-cup-goals,monogram,,,,,,,needs_source,Pendiente de enlace y revisión manual del propietario.,,no,,no,no,
world-cup:player:datahub:P-05728,Landon Donovan,world-cup-goals,monogram,,,,,,,needs_source,Pendiente de enlace y revisión manual del propietario.,,no,,no,no,
world-cup:player:datahub:P-08514,Fernando Morientes,world-cup-goals,monogram,,,,,,,needs_source,Pendiente de enlace y revisión manual del propietario.,,no,,no,no,
world-cup:player:datahub:P-08939,Michel Platini,world-cup-goals,monogram,,,,,,,needs_source,Pendiente de enlace y revisión manual del propietario.,,no,,no,no,
world-cup:player:datahub:P-11702,Valentin Ivanov,world-cup-goals,monogram,,,,,,,needs_source,Pendiente de enlace y revisión manual del propietario.,,no,,no,no,
world-cup:player:datahub:P-12940,Emilio Butragueño,world-cup-goals,monogram,,,,,,,needs_source,Pendiente de enlace y revisión manual del propietario.,,no,,no,no,
world-cup:player:datahub:P-16991,Johan Neeskens,world-cup-goals,monogram,,,,,,,needs_source,Pendiente de enlace y revisión manual del propietario.,,no,,no,no,
world-cup:player:datahub:P-18628,Pedro Cea,world-cup-goals,monogram,,,,,,,needs_source,Pendiente de enlace y revisión manual del propietario.,,no,,no,no,
world-cup:player:datahub:P-25745,Mario Mandžukić,world-cup-goals,monogram,,,,,,,needs_source,Pendiente de enlace y revisión manual del propietario.,,no,,no,no,
world-cup:player:datahub:P-29398,Gonzalo Higuaín,world-cup-goals,monogram,,,,,,,needs_source,Pendiente de enlace y revisión manual del propietario.,,no,,no,no,
world-cup:player:datahub:P-34802,Geoff Hurst,world-cup-goals,monogram,,,,,,,needs_source,Pendiente de enlace y revisión manual del propietario.,,no,,no,no,
world-cup:player:datahub:P-35246,Fernando Hierro,world-cup-goals,monogram,,,,,,,needs_source,Pendiente de enlace y revisión manual del propietario.,,no,,no,no,
world-cup:player:datahub:P-36287,Lukas Podolski,world-cup-goals,monogram,,,,,,,needs_source,Pendiente de enlace y revisión manual del propietario.,,no,,no,no,
world-cup:player:datahub:P-39460,Xherdan Shaqiri,world-cup-goals,monogram,,,,,,,needs_source,Pendiente de enlace y revisión manual del propietario.,,no,,no,no,
world-cup:player:datahub:P-42895,Henrik Larsson,world-cup-goals,monogram,,,,,,,needs_source,Pendiente de enlace y revisión manual del propietario.,,no,,no,no,
world-cup:player:datahub:P-44926,Tim Cahill,world-cup-goals,monogram,,,,,,,needs_source,Pendiente de enlace y revisión manual del propietario.,,no,,no,no,
world-cup:player:datahub:P-46574,Alessandro Altobelli,world-cup-goals,monogram,,,,,,,needs_source,Pendiente de enlace y revisión manual del propietario.,,no,,no,no,
world-cup:player:datahub:P-50534,Jon Dahl Tomasson,world-cup-goals,monogram,,,,,,,needs_source,Pendiente de enlace y revisión manual del propietario.,,no,,no,no,
world-cup:player:datahub:P-52271,Hans Krankl,world-cup-goals,monogram,,,,,,,needs_source,Pendiente de enlace y revisión manual del propietario.,,no,,no,no,
world-cup:player:datahub:P-56430,Zinedine Zidane,world-cup-goals,monogram,,,,,,,needs_source,Pendiente de enlace y revisión manual del propietario.,,no,,no,no,
world-cup:player:datahub:P-58080,Roger Milla,world-cup-goals,monogram,,,,,,,needs_source,Pendiente de enlace y revisión manual del propietario.,,no,,no,no,
world-cup:player:datahub:P-59138,Edinson Cavani,world-cup-goals,monogram,,,,,,,needs_source,Pendiente de enlace y revisión manual del propietario.,,no,,no,no,
world-cup:player:datahub:P-60371,Kennet Andersson,world-cup-goals,monogram,,,,,,,needs_source,Pendiente de enlace y revisión manual del propietario.,,no,,no,no,
world-cup:player:datahub:P-65885,Silvio Piola,world-cup-goals,monogram,,,,,,,needs_source,Pendiente de enlace y revisión manual del propietario.,,no,,no,no,
world-cup:player:datahub:P-67652,Gyula Zsengellér,world-cup-goals,monogram,,,,,,,needs_source,Pendiente de enlace y revisión manual del propietario.,,no,,no,no,
world-cup:player:datahub:P-69659,Marc Wilmots,world-cup-goals,monogram,,,,,,,needs_source,Pendiente de enlace y revisión manual del propietario.,,no,,no,no,
world-cup:player:datahub:P-71260,Tomáš Skuhravý,world-cup-goals,monogram,,,,,,,needs_source,Pendiente de enlace y revisión manual del propietario.,,no,,no,no,
world-cup:player:datahub:P-72864,Franz Beckenbauer,world-cup-goals,monogram,,,,,,,needs_source,Pendiente de enlace y revisión manual del propietario.,,no,,no,no,
world-cup:player:datahub:P-77851,Peter McParland,world-cup-goals,monogram,,,,,,,needs_source,Pendiente de enlace y revisión manual del propietario.,,no,,no,no,
world-cup:player:datahub:P-89750,Olivier Giroud,world-cup-goals,monogram,,,,,,,needs_source,Pendiente de enlace y revisión manual del propietario.,,no,,no,no,
world-cup:unresolved:0449d692ab7e1a825e80abb1,ROMÁRIO,world-cup-goals,monogram,,,,,,,needs_source,Pendiente de enlace y revisión manual del propietario.,,no,,no,no,
world-cup:unresolved:7ccbab3ad957ccef791ebb04,Juan SCHIAFFINO,world-cup-goals,monogram,,,,,,,needs_source,Pendiente de enlace y revisión manual del propietario.,,no,,no,no,
world-cup:unresolved:813b43fe61da20f1bc5bf085,GARRINCHA,world-cup-goals,monogram,,,,,,,needs_source,Pendiente de enlace y revisión manual del propietario.,,no,,no,no,
world-cup:unresolved:bbb0b5b15842af2a3f42072a,RAUL,world-cup-goals,monogram,,,,,,,needs_source,Pendiente de enlace y revisión manual del propietario.,,no,,no,no,
world-cup:unresolved:c07af124eb1998528f972580,ZICO,world-cup-goals,monogram,,,,,,,needs_source,Pendiente de enlace y revisión manual del propietario.,,no,,no,no,
world-cup:player:datahub:P-19776,Julián Álvarez,world-cup-goals,monogram,,,,,,,needs_source,Pendiente de enlace y revisión manual del propietario.,,no,,no,no,
world-cup:player:datahub:P-37935,Ismaïla Sarr,world-cup-goals,monogram,,,,,,,needs_source,Pendiente de enlace y revisión manual del propietario.,,no,,no,no,
world-cup:player:datahub:P-77743,Kai Havertz,world-cup-goals,monogram,,,,,,,needs_source,Pendiente de enlace y revisión manual del propietario.,,no,,no,no,
world-cup:unresolved:9322e955f2c936b84632bb73,Mikel OYARZABAL,world-cup-goals,monogram,,,,,,,needs_source,Pendiente de enlace y revisión manual del propietario.,,no,,no,no,
world-cup:player:datahub:P-01173,Nándor Hidegkuti,world-cup-goals,monogram,,,,,,,needs_source,Pendiente de enlace y revisión manual del propietario.,,no,,no,no,
world-cup:player:datahub:P-02464,Jorge Valdano,world-cup-goals,monogram,,,,,,,needs_source,Pendiente de enlace y revisión manual del propietario.,,no,,no,no,
world-cup:player:datahub:P-04739,René Houseman,world-cup-goals,monogram,,,,,,,needs_source,Pendiente de enlace y revisión manual del propietario.,,no,,no,no,
world-cup:player:datahub:P-08601,Bobby Charlton,world-cup-goals,monogram,,,,,,,needs_source,Pendiente de enlace y revisión manual del propietario.,,no,,no,no,
world-cup:player:datahub:P-12676,Ferenc Puskás,world-cup-goals,monogram,,,,,,,needs_source,Pendiente de enlace y revisión manual del propietario.,,no,,no,no,
world-cup:player:datahub:P-14764,Róbert Vittek,world-cup-goals,monogram,,,,,,,needs_source,Pendiente de enlace y revisión manual del propietario.,,no,,no,no,
world-cup:player:datahub:P-16302,Alcides Ghiggia,world-cup-goals,monogram,,,,,,,needs_source,Pendiente de enlace y revisión manual del propietario.,,no,,no,no,
world-cup:player:datahub:P-18672,Clint Dempsey,world-cup-goals,monogram,,,,,,,needs_source,Pendiente de enlace y revisión manual del propietario.,,no,,no,no,
world-cup:player:datahub:P-19591,Ahmed Musa,world-cup-goals,monogram,,,,,,,needs_source,Pendiente de enlace y revisión manual del propietario.,,no,,no,no,
world-cup:player:datahub:P-19888,Hernán Crespo,world-cup-goals,monogram,,,,,,,needs_source,Pendiente de enlace y revisión manual del propietario.,,no,,no,no,
world-cup:player:datahub:P-20173,Kurt Hamrin,world-cup-goals,monogram,,,,,,,needs_source,Pendiente de enlace y revisión manual del propietario.,,no,,no,no,
world-cup:player:datahub:P-21188,Flórián Albert,world-cup-goals,monogram,,,,,,,needs_source,Pendiente de enlace y revisión manual del propietario.,,no,,no,no,
world-cup:player:datahub:P-22224,Leonel Sánchez,world-cup-goals,monogram,,,,,,,needs_source,Pendiente de enlace y revisión manual del propietario.,,no,,no,no,
world-cup:player:datahub:P-22480,Joe Jordan,world-cup-goals,monogram,,,,,,,needs_source,Pendiente de enlace y revisión manual del propietario.,,no,,no,no,
world-cup:player:datahub:P-25456,Jan Ceulemans,world-cup-goals,monogram,,,,,,,needs_source,Pendiente de enlace y revisión manual del propietario.,,no,,no,no,
world-cup:player:datahub:P-26281,Tomas Brolin,world-cup-goals,monogram,,,,,,,needs_source,Pendiente de enlace y revisión manual del propietario.,,no,,no,no,
world-cup:player:datahub:P-26640,Leopoldo Luque,world-cup-goals,monogram,,,,,,,needs_source,Pendiente de enlace y revisión manual del propietario.,,no,,no,no,
world-cup:player:datahub:P-29548,Kazimierz Deyna,world-cup-goals,monogram,,,,,,,needs_source,Pendiente de enlace y revisión manual del propietario.,,no,,no,no,
world-cup:player:datahub:P-33175,Keisuke Honda,world-cup-goals,monogram,,,,,,,needs_source,Pendiente de enlace y revisión manual del propietario.,,no,,no,no,
world-cup:player:datahub:P-35873,Claudio Caniggia,world-cup-goals,monogram,,,,,,,needs_source,Pendiente de enlace y revisión manual del propietario.,,no,,no,no,
world-cup:player:datahub:P-36515,Javier Hernández,world-cup-goals,monogram,,,,,,,needs_source,Pendiente de enlace y revisión manual del propietario.,,no,,no,no,
world-cup:player:datahub:P-38721,Igor Chislenko,world-cup-goals,monogram,,,,,,,needs_source,Pendiente de enlace y revisión manual del propietario.,,no,,no,no,
world-cup:player:datahub:P-39251,Marcelo Salas,world-cup-goals,monogram,,,,,,,needs_source,Pendiente de enlace y revisión manual del propietario.,,no,,no,no,
world-cup:player:datahub:P-39318,Ralf Edström,world-cup-goals,monogram,,,,,,,needs_source,Pendiente de enlace y revisión manual del propietario.,,no,,no,no,
world-cup:player:datahub:P-43675,Denis Cheryshev,world-cup-goals,monogram,,,,,,,needs_source,Pendiente de enlace y revisión manual del propietario.,,no,,no,no,
world-cup:player:datahub:P-45941,Luis Hernández,world-cup-goals,monogram,,,,,,,needs_source,Pendiente de enlace y revisión manual del propietario.,,no,,no,no,
world-cup:player:datahub:P-48686,Paul Breitner,world-cup-goals,monogram,,,,,,,needs_source,Pendiente de enlace y revisión manual del propietario.,,no,,no,no,
world-cup:player:datahub:P-51130,Michael Owen,world-cup-goals,monogram,,,,,,,needs_source,Pendiente de enlace y revisión manual del propietario.,,no,,no,no,
world-cup:player:datahub:P-56703,Angelo Schiavio,world-cup-goals,monogram,,,,,,,needs_source,Pendiente de enlace y revisión manual del propietario.,,no,,no,no,
world-cup:player:datahub:P-61157,Daniel Bertoni,world-cup-goals,monogram,,,,,,,needs_source,Pendiente de enlace y revisión manual del propietario.,,no,,no,no,
world-cup:player:datahub:P-63429,Martin Dahlin,world-cup-goals,monogram,,,,,,,needs_source,Pendiente de enlace y revisión manual del propietario.,,no,,no,no,
world-cup:player:datahub:P-63738,Robert Ballaman,world-cup-goals,monogram,,,,,,,needs_source,Pendiente de enlace y revisión manual del propietario.,,no,,no,no,
world-cup:player:datahub:P-67713,Andreas Brehme,world-cup-goals,monogram,,,,,,,needs_source,Pendiente de enlace y revisión manual del propietario.,,no,,no,no,
world-cup:player:datahub:P-69340,Florin Răducioiu,world-cup-goals,monogram,,,,,,,needs_source,Pendiente de enlace y revisión manual del propietario.,,no,,no,no,
world-cup:player:datahub:P-71661,Fernando Torres,world-cup-goals,monogram,,,,,,,needs_source,Pendiente de enlace y revisión manual del propietario.,,no,,no,no,
world-cup:player:datahub:P-71720,Zdeněk Zikán,world-cup-goals,monogram,,,,,,,needs_source,Pendiente de enlace y revisión manual del propietario.,,no,,no,no,
world-cup:player:datahub:P-71954,Ottmar Walter,world-cup-goals,monogram,,,,,,,needs_source,Pendiente de enlace y revisión manual del propietario.,,no,,no,no,
world-cup:player:datahub:P-71973,Bert Patenaude,world-cup-goals,monogram,,,,,,,needs_source,Pendiente de enlace y revisión manual del propietario.,,no,,no,no,
world-cup:player:datahub:P-76066,Gino Colaussi,world-cup-goals,monogram,,,,,,,needs_source,Pendiente de enlace y revisión manual del propietario.,,no,,no,no,
world-cup:player:datahub:P-77348,Edmund Conen,world-cup-goals,monogram,,,,,,,needs_source,Pendiente de enlace y revisión manual del propietario.,,no,,no,no,
world-cup:player:datahub:P-82312,Agne Simonsson,world-cup-goals,monogram,,,,,,,needs_source,Pendiente de enlace y revisión manual del propietario.,,no,,no,no,
world-cup:player:datahub:P-82516,Ferenc Bene,world-cup-goals,monogram,,,,,,,needs_source,Pendiente de enlace y revisión manual del propietario.,,no,,no,no,
world-cup:player:datahub:P-84534,Oliver Bierhoff,world-cup-goals,monogram,,,,,,,needs_source,Pendiente de enlace y revisión manual del propietario.,,no,,no,no,
world-cup:player:datahub:P-85334,André Abegglen,world-cup-goals,monogram,,,,,,,needs_source,Pendiente de enlace y revisión manual del propietario.,,no,,no,no,
world-cup:player:datahub:P-90496,Carlos Borges,world-cup-goals,monogram,,,,,,,needs_source,Pendiente de enlace y revisión manual del propietario.,,no,,no,no,
world-cup:player:datahub:P-90908,Antoine Griezmann,world-cup-goals,monogram,,,,,,,needs_source,Pendiente de enlace y revisión manual del propietario.,,no,,no,no,
world-cup:player:datahub:P-94605,Raymond Kopa,world-cup-goals,monogram,,,,,,,needs_source,Pendiente de enlace y revisión manual del propietario.,,no,,no,no,
world-cup:player:datahub:P-99991,Dominique Rocheteau,world-cup-goals,monogram,,,,,,,needs_source,Pendiente de enlace y revisión manual del propietario.,,no,,no,no,
world-cup:unresolved:10b05c446ea776cdcae1ab10,MICHEL,world-cup-goals,monogram,,,,,,,needs_source,Pendiente de enlace y revisión manual del propietario.,,no,,no,no,
world-cup:unresolved:17e5cb09fb34779be0462264,Valeriy PORKUYAN,world-cup-goals,monogram,,,,,,,needs_source,Pendiente de enlace y revisión manual del propietario.,,no,,no,no,
world-cup:unresolved:54ba4ed2f978f32904288b89,ZARRA,world-cup-goals,monogram,,,,,,,needs_source,Pendiente de enlace y revisión manual del propietario.,,no,,no,no,
world-cup:unresolved:5a7e7a8a9bdc586be12dbd7a,CHICO,world-cup-goals,monogram,,,,,,,needs_source,Pendiente de enlace y revisión manual del propietario.,,no,,no,no,
world-cup:unresolved:601edd3363b99ff8b694d6a8,Preben ELKJAER LARSEN,world-cup-goals,monogram,,,,,,,needs_source,Pendiente de enlace y revisión manual del propietario.,,no,,no,no,
world-cup:unresolved:6e68b6cec93f0b5286199bbe,Drazen JERKOVIC,world-cup-goals,monogram,,,,,,,needs_source,Pendiente de enlace y revisión manual del propietario.,,no,,no,no,
world-cup:unresolved:710482eaa280e6b7e9ed9895,SOCRATES,world-cup-goals,monogram,,,,,,,needs_source,Pendiente de enlace y revisión manual del propietario.,,no,,no,no,
world-cup:unresolved:a88ddc2fe8a2bb3064ecb435,Ernest WILIMOWSKI,world-cup-goals,monogram,,,,,,,needs_source,Pendiente de enlace y revisión manual del propietario.,,no,,no,no,
world-cup:unresolved:b8475a70667bf9ae3783358d,Estanislao BASORA,world-cup-goals,monogram,,,,,,,needs_source,Pendiente de enlace y revisión manual del propietario.,,no,,no,no,
world-cup:unresolved:c4da27be19e4d4ec1dd9b863,PAULETA,world-cup-goals,monogram,,,,,,,needs_source,Pendiente de enlace y revisión manual del propietario.,,no,,no,no,
world-cup:unresolved:dd7a2784c752eb5cac4ebfce,Igor BELANOV,world-cup-goals,monogram,,,,,,,needs_source,Pendiente de enlace y revisión manual del propietario.,,no,,no,no,
world-cup:unresolved:ea5e8c135d7cd5d9378f7716,Anatoly BISHOVETS,world-cup-goals,monogram,,,,,,,needs_source,Pendiente de enlace y revisión manual del propietario.,,no,,no,no,
world-cup:player:datahub:P-19075,Breel Embolo,world-cup-goals,monogram,,,,,,,needs_source,Pendiente de enlace y revisión manual del propietario.,,no,,no,no,
world-cup:player:datahub:P-41647,Gonçalo Ramos,world-cup-goals,monogram,,,,,,,needs_source,Pendiente de enlace y revisión manual del propietario.,,no,,no,no,
world-cup:player:datahub:P-59837,Marcus Rashford,world-cup-goals,monogram,,,,,,,needs_source,Pendiente de enlace y revisión manual del propietario.,,no,,no,no,
world-cup:player:datahub:P-92812,Vinícius Júnior,world-cup-goals,monogram,,,,,,,needs_source,Pendiente de enlace y revisión manual del propietario.,,no,,no,no,
world-cup:unresolved:6ddd9da34af830fa96436788,Julian QUINONES,world-cup-goals,monogram,,,,,,,needs_source,Pendiente de enlace y revisión manual del propietario.,,no,,no,no,
world-cup:player:datahub:P-00119,Gigi Riva,world-cup-goals,monogram,,,,,,,needs_source,Pendiente de enlace y revisión manual del propietario.,,no,,no,no,
world-cup:player:datahub:P-01945,André Ayew,world-cup-goals,monogram,,,,,,,needs_source,Pendiente de enlace y revisión manual del propietario.,,no,,no,no,
world-cup:player:datahub:P-02231,Diego Costa,world-cup-goals,monogram,,,,,,,needs_source,Pendiente de enlace y revisión manual del propietario.,,no,,no,no,
world-cup:player:datahub:P-03638,Raimundo Orsi,world-cup-goals,monogram,,,,,,,needs_source,Pendiente de enlace y revisión manual del propietario.,,no,,no,no,
world-cup:player:datahub:P-03658,César Sampaio,world-cup-goals,monogram,,,,,,,needs_source,Pendiente de enlace y revisión manual del propietario.,,no,,no,no,
world-cup:player:datahub:P-05511,Bernard Genghini,world-cup-goals,monogram,,,,,,,needs_source,Pendiente de enlace y revisión manual del propietario.,,no,,no,no,
world-cup:player:datahub:P-05537,Milan Galić,world-cup-goals,monogram,,,,,,,needs_source,Pendiente de enlace y revisión manual del propietario.,,no,,no,no,
world-cup:player:datahub:P-09973,Fritz Walter,world-cup-goals,monogram,,,,,,,needs_source,Pendiente de enlace y revisión manual del propietario.,,no,,no,no,
world-cup:player:datahub:P-10601,Juan Hohberg,world-cup-goals,monogram,,,,,,,needs_source,Pendiente de enlace y revisión manual del propietario.,,no,,no,no,
world-cup:player:datahub:P-17509,Paul Pogba,world-cup-goals,monogram,,,,,,,needs_source,Pendiente de enlace y revisión manual del propietario.,,no,,no,no,
world-cup:player:datahub:P-18314,Julio Salinas,world-cup-goals,monogram,,,,,,,needs_source,Pendiente de enlace y revisión manual del propietario.,,no,,no,no,
world-cup:player:datahub:P-19156,Agustín Delgado,world-cup-goals,monogram,,,,,,,needs_source,Pendiente de enlace y revisión manual del propietario.,,no,,no,no,
world-cup:player:datahub:P-21213,Jesper Olsen,world-cup-goals,monogram,,,,,,,needs_source,Pendiente de enlace y revisión manual del propietario.,,no,,no,no,
world-cup:player:datahub:P-22046,Paulo Wanchope,world-cup-goals,monogram,,,,,,,needs_source,Pendiente de enlace y revisión manual del propietario.,,no,,no,no,
world-cup:player:datahub:P-26616,Jung-hwan Ahn,world-cup-goals,monogram,,,,,,,needs_source,Pendiente de enlace y revisión manual del propietario.,,no,,no,no,
world-cup:player:datahub:P-27540,Memphis Depay,world-cup-goals,monogram,,,,,,,needs_source,Pendiente de enlace y revisión manual del propietario.,,no,,no,no,
world-cup:player:datahub:P-29080,Carlos Tevez,world-cup-goals,monogram,,,,,,,needs_source,Pendiente de enlace y revisión manual del propietario.,,no,,no,no,
world-cup:player:datahub:P-29274,Álvaro Morata,world-cup-goals,monogram,,,,,,,needs_source,Pendiente de enlace y revisión manual del propietario.,,no,,no,no,
world-cup:player:datahub:P-30739,Gheorghe Hagi,world-cup-goals,monogram,,,,,,,needs_source,Pendiente de enlace y revisión manual del propietario.,,no,,no,no,
world-cup:player:datahub:P-33570,Maxi Rodríguez,world-cup-goals,monogram,,,,,,,needs_source,Pendiente de enlace y revisión manual del propietario.,,no,,no,no,
world-cup:player:datahub:P-33839,Roger Hunt,world-cup-goals,monogram,,,,,,,needs_source,Pendiente de enlace y revisión manual del propietario.,,no,,no,no,
world-cup:player:datahub:P-34450,David Platt,world-cup-goals,monogram,,,,,,,needs_source,Pendiente de enlace y revisión manual del propietario.,,no,,no,no,
world-cup:player:datahub:P-34536,Giuseppe Meazza,world-cup-goals,monogram,,,,,,,needs_source,Pendiente de enlace y revisión manual del propietario.,,no,,no,no,
world-cup:player:datahub:P-35408,Karim Benzema,world-cup-goals,monogram,,,,,,,needs_source,Pendiente de enlace y revisión manual del propietario.,,no,,no,no,
world-cup:player:datahub:P-35865,Theodor Wagner,world-cup-goals,monogram,,,,,,,needs_source,Pendiente de enlace y revisión manual del propietario.,,no,,no,no,
world-cup:player:datahub:P-37275,Mile Jedinak,world-cup-goals,monogram,,,,,,,needs_source,Pendiente de enlace y revisión manual del propietario.,,no,,no,no,
world-cup:player:datahub:P-37840,Artem Dzyuba,world-cup-goals,monogram,,,,,,,needs_source,Pendiente de enlace y revisión manual del propietario.,,no,,no,no,
world-cup:player:datahub:P-38092,Harry Andersson,world-cup-goals,monogram,,,,,,,needs_source,Pendiente de enlace y revisión manual del propietario.,,no,,no,no,
world-cup:player:datahub:P-38969,Roger Piantoni,world-cup-goals,monogram,,,,,,,needs_source,Pendiente de enlace y revisión manual del propietario.,,no,,no,no,
world-cup:player:datahub:P-39356,Toni Kroos,world-cup-goals,monogram,,,,,,,needs_source,Pendiente de enlace y revisión manual del propietario.,,no,,no,no,
world-cup:player:datahub:P-42113,Ángel Di María,world-cup-goals,monogram,,,,,,,needs_source,Pendiente de enlace y revisión manual del propietario.,,no,,no,no,
world-cup:player:datahub:P-42223,Wahbi Khazri,world-cup-goals,monogram,,,,,,,needs_source,Pendiente de enlace y revisión manual del propietario.,,no,,no,no,
world-cup:player:datahub:P-42517,Youssef En-Nesyri,world-cup-goals,monogram,,,,,,,needs_source,Pendiente de enlace y revisión manual del propietario.,,no,,no,no,
world-cup:player:datahub:P-43196,Yerry Mina,world-cup-goals,monogram,,,,,,,needs_source,Pendiente de enlace y revisión manual del propietario.,,no,,no,no,
world-cup:player:datahub:P-44763,Rafael Márquez,world-cup-goals,monogram,,,,,,,needs_source,Pendiente de enlace y revisión manual del propietario.,,no,,no,no,
world-cup:player:datahub:P-47038,Nico Claesen,world-cup-goals,monogram,,,,,,,needs_source,Pendiente de enlace y revisión manual del propietario.,,no,,no,no,
world-cup:player:datahub:P-47496,Luis Artime,world-cup-goals,monogram,,,,,,,needs_source,Pendiente de enlace y revisión manual del propietario.,,no,,no,no,
world-cup:player:datahub:P-50564,Johan Cruyff,world-cup-goals,monogram,,,,,,,needs_source,Pendiente de enlace y revisión manual del propietario.,,no,,no,no,
world-cup:player:datahub:P-51339,Ernst Stojaspal,world-cup-goals,monogram,,,,,,,needs_source,Pendiente de enlace y revisión manual del propietario.,,no,,no,no,
world-cup:player:datahub:P-52190,Karl-Erik Palmér,world-cup-goals,monogram,,,,,,,needs_source,Pendiente de enlace y revisión manual del propietario.,,no,,no,no,
world-cup:player:datahub:P-53791,László Kiss,world-cup-goals,monogram,,,,,,,needs_source,Pendiente de enlace y revisión manual del propietario.,,no,,no,no,
world-cup:player:datahub:P-55170,Rónald Gómez,world-cup-goals,monogram,,,,,,,needs_source,Pendiente de enlace y revisión manual del propietario.,,no,,no,no,
world-cup:player:datahub:P-55855,Ștefan Dobay,world-cup-goals,monogram,,,,,,,needs_source,Pendiente de enlace y revisión manual del propietario.,,no,,no,no,
world-cup:player:datahub:P-58852,Gustav Wetterström,world-cup-goals,monogram,,,,,,,needs_source,Pendiente de enlace y revisión manual del propietario.,,no,,no,no,
world-cup:player:datahub:P-60597,Brian McBride,world-cup-goals,monogram,,,,,,,needs_source,Pendiente de enlace y revisión manual del propietario.,,no,,no,no,
world-cup:player:datahub:P-60896,Wolfgang Overath,world-cup-goals,monogram,,,,,,,needs_source,Pendiente de enlace y revisión manual del propietario.,,no,,no,no,
world-cup:player:datahub:P-60977,Géza Toldi,world-cup-goals,monogram,,,,,,,needs_source,Pendiente de enlace y revisión manual del propietario.,,no,,no,no,
world-cup:player:datahub:P-62157,Steven Gerrard,world-cup-goals,monogram,,,,,,,needs_source,Pendiente de enlace y revisión manual del propietario.,,no,,no,no,
world-cup:player:datahub:P-62214,Gianni Rivera,world-cup-goals,monogram,,,,,,,needs_source,Pendiente de enlace y revisión manual del propietario.,,no,,no,no,
world-cup:player:datahub:P-62861,Robert Prosinečki,world-cup-goals,monogram,,,,,,,needs_source,Pendiente de enlace y revisión manual del propietario.,,no,,no,no,
world-cup:player:datahub:P-65182,Andrej Kramarić,world-cup-goals,monogram,,,,,,,needs_source,Pendiente de enlace y revisión manual del propietario.,,no,,no,no,
world-cup:player:datahub:P-67663,José Augusto,world-cup-goals,monogram,,,,,,,needs_source,Pendiente de enlace y revisión manual del propietario.,,no,,no,no,
world-cup:player:datahub:P-68398,José Torres,world-cup-goals,monogram,,,,,,,needs_source,Pendiente de enlace y revisión manual del propietario.,,no,,no,no,
world-cup:player:datahub:P-70166,Carlos Peucelle,world-cup-goals,monogram,,,,,,,needs_source,Pendiente de enlace y revisión manual del propietario.,,no,,no,no,
world-cup:player:datahub:P-70804,Jean Nicolas,world-cup-goals,monogram,,,,,,,needs_source,Pendiente de enlace y revisión manual del propietario.,,no,,no,no,
world-cup:player:datahub:P-71884,Suat Mamat,world-cup-goals,monogram,,,,,,,needs_source,Pendiente de enlace y revisión manual del propietario.,,no,,no,no,
world-cup:player:datahub:P-72011,Eden Hazard,world-cup-goals,monogram,,,,,,,needs_source,Pendiente de enlace y revisión manual del propietario.,,no,,no,no,
world-cup:player:datahub:P-74389,Dušan Bajević,world-cup-goals,monogram,,,,,,,needs_source,Pendiente de enlace y revisión manual del propietario.,,no,,no,no,
world-cup:player:datahub:P-77922,Héctor Socorro,world-cup-goals,monogram,,,,,,,needs_source,Pendiente de enlace y revisión manual del propietario.,,no,,no,no,
world-cup:player:datahub:P-79374,Sven Jonasson,world-cup-goals,monogram,,,,,,,needs_source,Pendiente de enlace y revisión manual del propietario.,,no,,no,no,
world-cup:player:datahub:P-79617,Alain Giresse,world-cup-goals,monogram,,,,,,,needs_source,Pendiente de enlace y revisión manual del propietario.,,no,,no,no,
world-cup:player:datahub:P-80376,Daniel Passarella,world-cup-goals,monogram,,,,,,,needs_source,Pendiente de enlace y revisión manual del propietario.,,no,,no,no,
world-cup:player:datahub:P-81049,David Beckham,world-cup-goals,monogram,,,,,,,needs_source,Pendiente de enlace y revisión manual del propietario.,,no,,no,no,
world-cup:player:datahub:P-81234,Nat Lofthouse,world-cup-goals,monogram,,,,,,,needs_source,Pendiente de enlace y revisión manual del propietario.,,no,,no,no,
world-cup:player:datahub:P-82183,Adolf Scherer,world-cup-goals,monogram,,,,,,,needs_source,Pendiente de enlace y revisión manual del propietario.,,no,,no,no,
world-cup:player:datahub:P-83456,Eduard Malofeyev,world-cup-goals,monogram,,,,,,,needs_source,Pendiente de enlace y revisión manual del propietario.,,no,,no,no,
world-cup:player:datahub:P-84003,Michael Ballack,world-cup-goals,monogram,,,,,,,needs_source,Pendiente de enlace y revisión manual del propietario.,,no,,no,no,
world-cup:player:datahub:P-84878,Robbie Keane,world-cup-goals,monogram,,,,,,,needs_source,Pendiente de enlace y revisión manual del propietario.,,no,,no,no,
world-cup:player:datahub:P-85696,Aleksandar Mitrović,world-cup-goals,monogram,,,,,,,needs_source,Pendiente de enlace y revisión manual del propietario.,,no,,no,no,
world-cup:player:datahub:P-86942,Roberto Dinamite,world-cup-goals,monogram,,,,,,,needs_source,Pendiente de enlace y revisión manual del propietario.,,no,,no,no,
world-cup:player:datahub:P-87073,Stig Sundqvist,world-cup-goals,monogram,,,,,,,needs_source,Pendiente de enlace y revisión manual del propietario.,,no,,no,no,
world-cup:player:datahub:P-88041,Sami Al-Jaber,world-cup-goals,monogram,,,,,,,needs_source,Pendiente de enlace y revisión manual del propietario.,,no,,no,no,
world-cup:player:datahub:P-88416,Leopold Kielholz,world-cup-goals,monogram,,,,,,,needs_source,Pendiente de enlace y revisión manual del propietario.,,no,,no,no,
world-cup:player:datahub:P-88428,Cuauhtémoc Blanco,world-cup-goals,monogram,,,,,,,needs_source,Pendiente de enlace y revisión manual del propietario.,,no,,no,no,
world-cup:player:datahub:P-88899,Nelson Cuevas,world-cup-goals,monogram,,,,,,,needs_source,Pendiente de enlace y revisión manual del propietario.,,no,,no,no,
world-cup:player:datahub:P-89975,Pierre Littbarski,world-cup-goals,monogram,,,,,,,needs_source,Pendiente de enlace y revisión manual del propietario.,,no,,no,no,
world-cup:player:datahub:P-93318,Dragan Stojković,world-cup-goals,monogram,,,,,,,needs_source,Pendiente de enlace y revisión manual del propietario.,,no,,no,no,
world-cup:player:datahub:P-93334,Zoltán Czibor,world-cup-goals,monogram,,,,,,,needs_source,Pendiente de enlace y revisión manual del propietario.,,no,,no,no,
world-cup:player:datahub:P-95267,Jorge Burruchaga,world-cup-goals,monogram,,,,,,,needs_source,Pendiente de enlace y revisión manual del propietario.,,no,,no,no,
world-cup:player:datahub:P-96985,Gerry Armstrong,world-cup-goals,monogram,,,,,,,needs_source,Pendiente de enlace y revisión manual del propietario.,,no,,no,no,
world-cup:player:datahub:P-97414,Enzo Scifo,world-cup-goals,monogram,,,,,,,needs_source,Pendiente de enlace y revisión manual del propietario.,,no,,no,no,
world-cup:player:datahub:P-97601,Arne Nyberg,world-cup-goals,monogram,,,,,,,needs_source,Pendiente de enlace y revisión manual del propietario.,,no,,no,no,
world-cup:player:datahub:P-97666,José Luis Caminero,world-cup-goals,monogram,,,,,,,needs_source,Pendiente de enlace y revisión manual del propietario.,,no,,no,no,
world-cup:player:datahub:P-98528,Luís Fabiano,world-cup-goals,monogram,,,,,,,needs_source,Pendiente de enlace y revisión manual del propietario.,,no,,no,no,
world-cup:player:datahub:P-99158,Léopold Anoul,world-cup-goals,monogram,,,,,,,needs_source,Pendiente de enlace y revisión manual del propietario.,,no,,no,no,
world-cup:player:datahub:P-99590,Bryan Ruiz,world-cup-goals,monogram,,,,,,,needs_source,Pendiente de enlace y revisión manual del propietario.,,no,,no,no,
world-cup:player:datahub:P-99989,Walter Schachner,world-cup-goals,monogram,,,,,,,needs_source,Pendiente de enlace y revisión manual del propietario.,,no,,no,no,
world-cup:unresolved:0380249fa999fc843b730ab5,Ilhan MANSIZ,world-cup-goals,monogram,,,,,,,needs_source,Pendiente de enlace y revisión manual del propietario.,,no,,no,no,
world-cup:unresolved:04de3c158da2070970cccf7a,AMARILDO,world-cup-goals,monogram,,,,,,,needs_source,Pendiente de enlace y revisión manual del propietario.,,no,,no,no,
world-cup:unresolved:0e9e7d5667acf5ab8c8494ef,PREGUINHO,world-cup-goals,monogram,,,,,,,needs_source,Pendiente de enlace y revisión manual del propietario.,,no,,no,no,
world-cup:unresolved:3e12d013030c0310ef3ca875,ROMEU,world-cup-goals,monogram,,,,,,,needs_source,Pendiente de enlace y revisión manual del propietario.,,no,,no,no,
world-cup:unresolved:4da1c22697146f0d02ba0ef0,TOSTAO,world-cup-goals,monogram,,,,,,,needs_source,Pendiente de enlace y revisión manual del propietario.,,no,,no,no,
world-cup:unresolved:50769cdcfbdabe3222112732,Alfred KOERNER,world-cup-goals,monogram,,,,,,,needs_source,Pendiente de enlace y revisión manual del propietario.,,no,,no,no,
world-cup:unresolved:6e0b721a78645fdb8d6c2153,Andre SCHUERRLE,world-cup-goals,monogram,,,,,,,needs_source,Pendiente de enlace y revisión manual del propietario.,,no,,no,no,
world-cup:unresolved:75745108dddad1236d8c7588,Juan ANSELMO,world-cup-goals,monogram,,,,,,,needs_source,Pendiente de enlace y revisión manual del propietario.,,no,,no,no,
world-cup:unresolved:7c3ffc04617fb32b7f1e91df,PERACIO,world-cup-goals,monogram,,,,,,,needs_source,Pendiente de enlace y revisión manual del propietario.,,no,,no,no,
world-cup:unresolved:9a051ba66b5bae884c143535,Buhran SARGUN,world-cup-goals,monogram,,,,,,,needs_source,Pendiente de enlace y revisión manual del propietario.,,no,,no,no,
world-cup:unresolved:9aec9e003852eb49b01a7339,BALTAZAR,world-cup-goals,monogram,,,,,,,needs_source,Pendiente de enlace y revisión manual del propietario.,,no,,no,no,
world-cup:unresolved:a47c0d8aba834dd6f316622f,SON Heungmin,world-cup-goals,monogram,,,,,,,needs_source,Pendiente de enlace y revisión manual del propietario.,,no,,no,no,
world-cup:unresolved:a68b0f0b02f9616e9ef563bb,Samuel ETOO,world-cup-goals,monogram,,,,,,,needs_source,Pendiente de enlace y revisión manual del propietario.,,no,,no,no,
world-cup:unresolved:a867edafa1277f46f879ab92,DIDI,world-cup-goals,monogram,,,,,,,needs_source,Pendiente de enlace y revisión manual del propietario.,,no,,no,no,
world-cup:unresolved:b024d8bafca056210dd0599f,Oreste Omar CORBATTA,world-cup-goals,monogram,,,,,,,needs_source,Pendiente de enlace y revisión manual del propietario.,,no,,no,no,
world-cup:unresolved:b71ac4ab54734ddf54d77c12,Jackie FATTON,world-cup-goals,monogram,,,,,,,needs_source,Pendiente de enlace y revisión manual del propietario.,,no,,no,no,
world-cup:unresolved:b81cff0215f3543c83843faf,PARK Jisung,world-cup-goals,monogram,,,,,,,needs_source,Pendiente de enlace y revisión manual del propietario.,,no,,no,no,
world-cup:unresolved:b8f0a7c287756af11c3f56f8,Ivica BEK,world-cup-goals,monogram,,,,,,,needs_source,Pendiente de enlace y revisión manual del propietario.,,no,,no,no,
world-cup:unresolved:c6019b7b83dbd06866010546,DIRCEU,world-cup-goals,monogram,,,,,,,needs_source,Pendiente de enlace y revisión manual del propietario.,,no,,no,no,
world-cup:unresolved:c67eb3e17b6b5548c8112f21,FALCAO,world-cup-goals,monogram,,,,,,,needs_source,Pendiente de enlace y revisión manual del propietario.,,no,,no,no,
world-cup:unresolved:dc886c485e690935da9781f1,Bouba DIOP,world-cup-goals,monogram,,,,,,,needs_source,Pendiente de enlace y revisión manual del propietario.,,no,,no,no,
world-cup:unresolved:e40d1bb4fcd88b45fe55877f,Toza VESELINOVIC,world-cup-goals,monogram,,,,,,,needs_source,Pendiente de enlace y revisión manual del propietario.,,no,,no,no,
world-cup:unresolved:ee034f4d2864c36bae78cf0e,SALEM ALDAWSARI,world-cup-goals,monogram,,,,,,,needs_source,Pendiente de enlace y revisión manual del propietario.,,no,,no,no,
world-cup:unresolved:f5a1971c2ef02a5ab2263f20,OSCAR,world-cup-goals,monogram,,,,,,,needs_source,Pendiente de enlace y revisión manual del propietario.,,no,,no,no,
world-cup:unresolved:ff94ae959e2fb68d219f9870,RICHARLISON,world-cup-goals,monogram,,,,,,,needs_source,Pendiente de enlace y revisión manual del propietario.,,no,,no,no,
world-cup:player:datahub:P-10739,Enzo Fernández,world-cup-goals,monogram,,,,,,,needs_source,Pendiente de enlace y revisión manual del propietario.,,no,,no,no,
world-cup:player:datahub:P-27349,Rafael Leão,world-cup-goals,monogram,,,,,,,needs_source,Pendiente de enlace y revisión manual del propietario.,,no,,no,no,
world-cup:player:datahub:P-31301,Ferran Torres,world-cup-goals,monogram,,,,,,,needs_source,Pendiente de enlace y revisión manual del propietario.,,no,,no,no,
world-cup:player:datahub:P-47137,Ramin Rezaeian,world-cup-goals,monogram,,,,,,,needs_source,Pendiente de enlace y revisión manual del propietario.,,no,,no,no,
world-cup:player:datahub:P-48955,Kevin De Bruyne,world-cup-goals,monogram,,,,,,,needs_source,Pendiente de enlace y revisión manual del propietario.,,no,,no,no,
world-cup:player:datahub:P-75890,Mohamed Salah,world-cup-goals,monogram,,,,,,,needs_source,Pendiente de enlace y revisión manual del propietario.,,no,,no,no,
world-cup:player:datahub:P-77224,Granit Xhaka,world-cup-goals,monogram,,,,,,,needs_source,Pendiente de enlace y revisión manual del propietario.,,no,,no,no,
world-cup:unresolved:12848362087dc7b95f82bd08,Yoane WISSA,world-cup-goals,monogram,,,,,,,needs_source,Pendiente de enlace y revisión manual del propietario.,,no,,no,no,
world-cup:unresolved:24f2f8a1bc6b90e8b4730e9a,Lautaro MARTINEZ,world-cup-goals,monogram,,,,,,,needs_source,Pendiente de enlace y revisión manual del propietario.,,no,,no,no,
world-cup:unresolved:2f22c4a4aae78e7c901e99fa,Johan MANZAMBI,world-cup-goals,monogram,,,,,,,needs_source,Pendiente de enlace y revisión manual del propietario.,,no,,no,no,
world-cup:unresolved:3410f8d7b8722fbc63691e6f,Bradley BARCOLA,world-cup-goals,monogram,,,,,,,needs_source,Pendiente de enlace y revisión manual del propietario.,,no,,no,no,
world-cup:unresolved:40b92a7230ed54ab87f3976c,Elijah JUST,world-cup-goals,monogram,,,,,,,needs_source,Pendiente de enlace y revisión manual del propietario.,,no,,no,no,
world-cup:unresolved:472f65d670f80287cda0dd24,Ismael SAIBARI,world-cup-goals,monogram,,,,,,,needs_source,Pendiente de enlace y revisión manual del propietario.,,no,,no,no,
world-cup:unresolved:5346b80dfc6157b71652e554,Folarin BALOGUN,world-cup-goals,monogram,,,,,,,needs_source,Pendiente de enlace y revisión manual del propietario.,,no,,no,no,
world-cup:unresolved:5e05c394006a49fe66688b0d,MATHEUS CUNHA,world-cup-goals,monogram,,,,,,,needs_source,Pendiente de enlace y revisión manual del propietario.,,no,,no,no,
world-cup:unresolved:866abf48a155b37c114bfd90,Deniz UNDAV,world-cup-goals,monogram,,,,,,,needs_source,Pendiente de enlace y revisión manual del propietario.,,no,,no,no,
world-cup:unresolved:cce6e0ad1ab71f1f3de13933,Raul JIMENEZ,world-cup-goals,monogram,,,,,,,needs_source,Pendiente de enlace y revisión manual del propietario.,,no,,no,no,
world-cup:unresolved:db300c58fe26b21b310b49ca,Jonathan DAVID,world-cup-goals,monogram,,,,,,,needs_source,Pendiente de enlace y revisión manual del propietario.,,no,,no,no,
world-cup:unresolved:eca6b28e94632e04b0a221e0,Charles DE KETELAERE,world-cup-goals,monogram,,,,,,,needs_source,Pendiente de enlace y revisión manual del propietario.,,no,,no,no,
world-cup:unresolved:f68e18f9edf10097c9928228,Brian BROBBEY,world-cup-goals,monogram,,,,,,,needs_source,Pendiente de enlace y revisión manual del propietario.,,no,,no,no,
